<?xml version="1.0" encoding="UTF-8"?>
<SCRIBUSUTF8NEW Version="1.4.8">
    <DOCUMENT ANZPAGES="{{page_count}}" PAGEWIDTH="{{page_width}}" PAGEHEIGHT="{{page_height}}" BORDERLEFT="19.8425196850394" BORDERRIGHT="19.8425196850394" BORDERTOP="19.8425196850394" BORDERBOTTOM="19.8425196850394" PRESET="0" BleedTop="{{bleed_top}}" BleedLeft="{{bleed_left}}" BleedRight="{{bleed_right}}" BleedBottom="{{bleed_bottom}}" ORIENTATION="0" PAGESIZE="A6" FIRSTNUM="1" BOOK="1" AUTOSPALTEN="1" ABSTSPALTEN="11" UNITS="1" DFONT="{{dfont}}" DSIZE="12" DCOL="1" DGAP="0" TabFill="" TabWidth="36" AUTHOR="" COMMENTS="" KEYWORDS="" PUBLISHER="" DOCDATE="" DOCTYPE="" DOCFORMAT="" DOCIDENT="" DOCSOURCE="" DOCLANGINFO="" DOCRELATION="" DOCCOVER="" DOCRIGHTS="" DOCCONTRIB="" TITLE="" SUBJECT="" VHOCH="33" VHOCHSC="66" VTIEF="33" VTIEFSC="66" VKAPIT="75" BASEGRID="14.4" BASEO="0" AUTOL="20" UnderlinePos="-1" UnderlineWidth="-1" StrikeThruPos="-1" StrikeThruWidth="-1" GROUPC="1" HCMS="1" DPSo="0" DPSFo="0" DPuse="1" DPgam="0" DPbla="1" DPMo="sRGB IEC61966-2.1" DPPr="Fogra27L CMYK Coated Press" DPIn="sRGB IEC61966-2.1" DPInCMYK="Fogra27L CMYK Coated Press" DPIn2="sRGB IEC61966-2.1" DPIn3="Fogra27L CMYK Coated Press" DISc="1" DIIm="0" ALAYER="1" LANGUAGE="English" MINWORDLEN="3" HYCOUNT="2" AUTOMATIC="1" AUTOCHECK="0" GUIDELOCK="0" SnapToGuides="1" SnapToGrid="0" MINGRID="20.0012598425197" MAJGRID="100.00062992126" SHOWGRID="0" SHOWGUIDES="0" showcolborders="0" SHOWFRAME="0" SHOWLAYERM="0" SHOWMARGIN="0" SHOWBASE="0" SHOWPICT="1" SHOWControl="0" SHOWLINK="0" rulerMode="0" showrulers="0" showBleed="0" rulerXoffset="0" rulerYoffset="0" GuideRad="10" GRAB="4" POLYC="4" POLYF="0.707106781186548" POLYR="0" POLYCUR="0" POLYFD="0" POLYS="0" AutoSave="1" AutoSaveTime="600000" ScratchBottom="20.0012598425197" ScratchLeft="100.00062992126" ScratchRight="100.00062992126" ScratchTop="20.0012598425197" GapHorizontal="0" GapVertical="39.9996850393701" StartArrow="0" EndArrow="0" PEN="Black" BRUSH="None" PENLINE="Black" PENTEXT="Black" StrokeText="Black" TextBackGround="None" TextLineColor="None" TextBackGroundShade="100" TextLineShade="100" TextPenShade="100" TextStrokeShade="100" STIL="1" STILLINE="1" WIDTH="1" WIDTHLINE="1" PENSHADE="100" LINESHADE="100" BRUSHSHADE="100" MAGMIN="10" MAGMAX="3200" MAGSTEP="200" CPICT="None" PICTSHADE="100" PICTSCX="1" PICTSCY="1" PSCALE="1" PASPECT="1" EmbeddedPath="0" HalfRes="1" dispX="0.439" dispY="0.439" constrain="15" MINORC="#00ff00" MAJORC="#00ff00" GuideC="#000080" BaseC="#c0c0c0" GuideZ="10" BACKG="0" PAGEC="#ffffff" MARGC="#0000ff" RANDF="0" currentProfile="PostScript">

        <CheckProfile Name="PDF 1.3" ignoreErrors="0" autoCheck="1" checkGlyphs="1" checkOrphans="1" checkOverflow="1" checkPictures="1" checkResolution="1" checkTransparency="1" minResolution="144" maxResolution="2400" checkAnnotations="0" checkRasterPDF="1" checkForGIF="1" ignoreOffLayers="0" checkOffConflictLayers="0"/>
        <CheckProfile Name="PDF 1.4" ignoreErrors="0" autoCheck="1" checkGlyphs="1" checkOrphans="1" checkOverflow="1" checkPictures="1" checkResolution="1" checkTransparency="0" minResolution="144" maxResolution="2400" checkAnnotations="0" checkRasterPDF="1" checkForGIF="1" ignoreOffLayers="0" checkOffConflictLayers="0"/>
        <CheckProfile Name="PDF 1.5" ignoreErrors="0" autoCheck="1" checkGlyphs="1" checkOrphans="1" checkOverflow="1" checkPictures="1" checkResolution="1" checkTransparency="0" minResolution="144" maxResolution="2400" checkAnnotations="0" checkRasterPDF="1" checkForGIF="1" ignoreOffLayers="0" checkOffConflictLayers="0"/>
        <CheckProfile Name="PDF/X-1a" ignoreErrors="0" autoCheck="1" checkGlyphs="1" checkOrphans="1" checkOverflow="1" checkPictures="1" checkResolution="1" checkTransparency="1" minResolution="144" maxResolution="2400" checkAnnotations="1" checkRasterPDF="1" checkForGIF="1" ignoreOffLayers="0" checkOffConflictLayers="0"/>
        <CheckProfile Name="PDF/X-3" ignoreErrors="0" autoCheck="1" checkGlyphs="1" checkOrphans="1" checkOverflow="1" checkPictures="1" checkResolution="1" checkTransparency="1" minResolution="144" maxResolution="2400" checkAnnotations="1" checkRasterPDF="1" checkForGIF="1" ignoreOffLayers="0" checkOffConflictLayers="0"/>
        <CheckProfile Name="PostScript" ignoreErrors="0" autoCheck="1" checkGlyphs="1" checkOrphans="1" checkOverflow="1" checkPictures="1" checkResolution="1" checkTransparency="1" minResolution="144" maxResolution="2400" checkAnnotations="0" checkRasterPDF="1" checkForGIF="1" ignoreOffLayers="0" checkOffConflictLayers="0"/>

        <COLOR NAME="Black" CMYK="#000000ff" Spot="0" Register="0"/>
        <COLOR NAME="Cool Black" CMYK="#990000ff" Spot="0" Register="0"/>
        <COLOR NAME="Red" CMYK="#00fafa00" Spot="0" Register="0"/>
        <COLOR NAME="Registration" CMYK="#ffffffff" Spot="0" Register="1"/>
        <COLOR NAME="White" CMYK="#00000000" Spot="0" Register="0"/>
        <COLOR NAME="darker_grey" CMYK="#00000075" Spot="0" Register="0"/>
        <COLOR NAME="light_grey" CMYK="#00000061" Spot="0" Register="0"/>
        <HYPHEN/>

        <STYLE NAME="Default Paragraph Style" ALIGN="0" LINESPMode="0" LINESP="15" INDENT="0" RMARGIN="0" FIRST="0" VOR="0" NACH="0" DROP="0" DROPLIN="2" DROPDIST="0" FONT="Bembo Regular"/>
        <STYLE NAME="normal-right-alignement" PARENT="Default Paragraph Style" ALIGN="2"/>
        <STYLE NAME="gospel" PARENT="Default Paragraph Style" ALIGN="3" LINESP="9" INDENT="8.503937008" RMARGIN="8.503937008" FIRST="5.669291339" FONT="Bembo Italic" FONTSIZE="8.5"/>
        <STYLE NAME="normal" PARENT="Default Paragraph Style" ALIGN="3" LINESP="10" NACH="5" DROP="0" DROPLIN="6" DROPDIST="2.834645669" MinWordTrack="1" FONT="Bembo Regular" FONTSIZE="8.5"/>
        <STYLE NAME="Date" PARENT="normal" FONT="Bembo Regular"/>
        <STYLE NAME="page-number" PARENT="normal" ALIGN="1"/>
        <STYLE NAME="Date-left" PARENT="Date" ALIGN="2"/>
        <STYLE NAME="onomastic-left" PARENT="normal" FONT="Bembo Italic" FCOLOR="darker_grey"/>
        <STYLE NAME="onomastic-right" PARENT="normal" ALIGN="2" FONT="Bembo Italic" FCOLOR="darker_grey"/>
        <STYLE NAME="normal-compressed" PARENT="normal" LINESP="9" NACH="5"/>
        <STYLE NAME="centered prayer" PARENT="gospel" LINESP="10"/>
        <STYLE NAME="Centered prayer with space" PARENT="centered prayer" NACH="2"/>
        <CHARSTYLE CNAME="Default Character Style" FONT="Bembo Regular" FONTSIZE="8.5" FEATURES="inherit" FCOLOR="Black" FSHADE="100" SCOLOR="Black" SSHADE="100" TXTSHX="5" TXTSHY="-5" TXTOUT="1" TXTULP="-0.1" TXTULW="-0.1" TXTSTP="-0.1" TXTSTW="-0.1" SCALEH="100" SCALEV="100" BASEO="0" KERN="0" LANGUAGE="English"/>
        <CHARSTYLE CNAME="black" CPARENT="Default Character Style" FONT="Bembo Std Bold"/>
        <CHARSTYLE CNAME="italic" CPARENT="Default Character Style" FONT="Bembo Italic"/>
        <CHARSTYLE CNAME="italic-black" CPARENT="Default Character Style" FONT="Bembo Bold Italic"/>
        <CHARSTYLE CNAME="Red Italic" CPARENT="italic" FCOLOR="Red"/>
        <LAYERS NUMMER="0" LEVEL="0" NAME="Background" SICHTBAR="0" DRUCKEN="1" EDIT="0" FLOW="1" TRANS="1" BLEND="0" OUTL="0" LAYERC="#000000"/>
        <LAYERS NUMMER="1" LEVEL="1" NAME="New Layer 1" SICHTBAR="1" DRUCKEN="1" EDIT="1" FLOW="1" TRANS="1" BLEND="0" OUTL="0" LAYERC="#ff0000"/>
        <Printer firstUse="1" toFile="1" useAltPrintCommand="1" outputSeparations="1" useSpotColors="1" useColor="1" mirrorH="1" mirrorV="1" useICC="1" doGCR="1" doClip="1" setDevParam="1" useDocBleeds="1" cropMarks="1" bleedMarks="1" registrationMarks="1" colorMarks="1" includePDFMarks="1" PSLevel="-8363874" PDLanguage="-8363874" markOffset="-1.96562226501821e+306" BleedTop="0" BleedLeft="0" BleedRight="0" BleedBottom="0" printer="" filename="" separationName="" printerCommand=""/>

        <PDF firstUse="1" Thumbnails="0" Articles="0" Bookmarks="0" Compress="1" CMethod="0" Quality="0" EmbedPDF="0" MirrorH="0" MirrorV="0" Clip="0" RotateDeg="0" PresentMode="0" RecalcPic="0" Grayscale="0" RGBMode="1" UseProfiles="0" UseProfiles2="0" Binding="0" PicRes="300" Resolution="300" Version="14" Intent="1" Intent2="0" SolidP="sRGB IEC61966-2.1" ImageP="sRGB IEC61966-2.1" PrintP="Fogra27L CMYK Coated Press" InfoString="" BTop="0" BLeft="0" BRight="0" BBottom="0" useDocBleeds="0" cropMarks="0" bleedMarks="0" registrationMarks="0" colorMarks="0" docInfoMarks="0" markOffset="0" ImagePr="0" PassOwner="" PassUser="" Permissions="-4" Encrypt="0" UseLayers="0" UseLpi="0" UseSpotColors="1" doMultiFile="0" displayBookmarks="0" displayFullscreen="0" displayLayers="0" displayThumbs="0" hideMenuBar="0" hideToolBar="0" fitWindow="0" PageLayout="0" openAction="">
            <LPI Color="Black" Frequency="133" Angle="45" SpotFunction="3"/>
            <LPI Color="Cyan" Frequency="133" Angle="105" SpotFunction="3"/>
            <LPI Color="Magenta" Frequency="133" Angle="75" SpotFunction="3"/>
            <LPI Color="Yellow" Frequency="133" Angle="90" SpotFunction="3"/>
        </PDF>

        <DocItemAttributes/>
        <TablesOfContents/>
        <PageSets>
            <Set Name="Single Page" FirstPage="0" Rows="1" Columns="1"/>
            <Set Name="Double Sided" FirstPage="1" Rows="1" Columns="2">
                <PageNames Name="Left Page"/>
                <PageNames Name="Right Page"/>
            </Set>
        </PageSets>
        <Sections>
            <Section Number="0" Name="0" From="0" To="1" Type="Type_1_2_3" Start="1" Reversed="0" Active="1"/>
        </Sections>

        <MASTERPAGE PAGEXPOS="100.00062992126" PAGEYPOS="20.0012598425197" PAGEWIDTH="297.64" PAGEHEIGHT="419.53" BORDERLEFT="40" BORDERRIGHT="40" BORDERTOP="40" BORDERBOTTOM="40" NUM="0" NAM="Normal Left" MNAM="" Size="A6" Orientation="0" LEFT="1" PRESET="0" VerticalGuides="" HorizontalGuides="" AGhorizontalAutoGap="0" AGverticalAutoGap="0" AGhorizontalAutoCount="0" AGverticalAutoCount="0" AGhorizontalAutoRefer="0" AGverticalAutoRefer="0" AGSelection="0 0 0 0"/>
        <MASTERPAGE PAGEXPOS="100.00062992126" PAGEYPOS="20.0012598425197" PAGEWIDTH="297.64" PAGEHEIGHT="419.53" BORDERLEFT="40" BORDERRIGHT="40" BORDERTOP="40" BORDERBOTTOM="40" NUM="1" NAM="Normal Right" MNAM="" Size="A6" Orientation="0" LEFT="0" PRESET="0" VerticalGuides="" HorizontalGuides="" AGhorizontalAutoGap="0" AGverticalAutoGap="0" AGhorizontalAutoCount="0" AGverticalAutoCount="0" AGhorizontalAutoRefer="0" AGverticalAutoRefer="0" AGSelection="0 0 0 0"/>
        <MASTERPAGE PAGEXPOS="100.00062992126" PAGEYPOS="20.0012598425197" PAGEWIDTH="297.64" PAGEHEIGHT="419.53" BORDERLEFT="19.8425196850394" BORDERRIGHT="19.8425196850394" BORDERTOP="19.8425196850394" BORDERBOTTOM="19.8425196850394" NUM="2" NAM="text_left" MNAM="" Size="A6" Orientation="0" LEFT="1" PRESET="0" VerticalGuides="" HorizontalGuides="" AGhorizontalAutoGap="0" AGverticalAutoGap="0" AGhorizontalAutoCount="0" AGverticalAutoCount="0" AGhorizontalAutoRefer="0" AGverticalAutoRefer="0" AGSelection="0 0 0 0"/>
        <MASTERPAGE PAGEXPOS="100.00062992126" PAGEYPOS="20.0012598425197" PAGEWIDTH="297.64" PAGEHEIGHT="419.53" BORDERLEFT="19.8425196850394" BORDERRIGHT="19.8425196850394" BORDERTOP="19.8425196850394" BORDERBOTTOM="19.8425196850394" NUM="3" NAM="text_right" MNAM="" Size="A6" Orientation="0" LEFT="1" PRESET="0" VerticalGuides="" HorizontalGuides="" AGhorizontalAutoGap="0" AGverticalAutoGap="0" AGhorizontalAutoCount="0" AGverticalAutoCount="0" AGhorizontalAutoRefer="0" AGverticalAutoRefer="0" AGSelection="0 0 0 0"/>
        <MASTERPAGE PAGEXPOS="100.00062992126" PAGEYPOS="20.0012598425197" PAGEWIDTH="297.64" PAGEHEIGHT="419.53" BORDERLEFT="19.8425196850394" BORDERRIGHT="19.8425196850394" BORDERTOP="19.8425196850394" BORDERBOTTOM="19.8425196850394" NUM="4" NAM="white" MNAM="" Size="A6" Orientation="0" LEFT="1" PRESET="0" VerticalGuides="" HorizontalGuides="" AGhorizontalAutoGap="0" AGverticalAutoGap="0" AGhorizontalAutoCount="0" AGverticalAutoCount="0" AGhorizontalAutoRefer="0" AGverticalAutoRefer="0" AGSelection="0 0 0 0"/>
        
        <MASTEROBJECT OwnPage="0" PTYPE="6" XPOS="362.096456690551" YPOS="48.0642519725197" WIDTH="7.37007874" HEIGHT="7.37007874" RADRECT="0" FRTYPE="0" CLIPEDIT="0" PWIDTH="1" PCOLOR="light_grey" PCOLOR2="None" COLUMNS="1" COLGAP="0" NAMEDLST="" SHADE="100" SHADE2="100" GRTYP="0" ROT="0" PLINEART="1" PLINEEND="0" PLINEJOIN="0" LOCALSCX="1" LOCALSCY="1" LOCALX="0" LOCALY="0" PICART="1" PLTSHOW="0" BASEOF="0" textPathType="0" textPathFlipped="0" FLIPPEDH="0" FLIPPEDV="0" SCALETYPE="1" RATIO="1" PRINTABLE="1" ANNOTATION="0" ANNAME="little_square" TEXTFLOWMODE="0" TEXTFLOW="0" TEXTFLOW2="0" TEXTFLOW3="0" AUTOTEXT="0" EXTRA="0" TEXTRA="0" BEXTRA="0" REXTRA="0" FLOP="0" PFILE="" PFILE2="" PFILE3="" PRFILE="" EPROF="" IRENDER="1" EMBEDDED="1" LOCK="0" LOCKR="0" REVERS="0" TransValue="0" TransValueS="0" TransBlend="0" TransBlendS="0" isTableItem="0" TopLine="0" LeftLine="0" RightLine="0" BottomLine="0" isGroupControl="0" NUMDASH="0" DASHS="" DASHOFF="0" NUMPO="16" POCOOR="0 0 0 0 7.37008 0 7.37008 0 7.37008 0 7.37008 0 7.37008 7.37008 7.37008 7.37008 7.37008 7.37008 7.37008 7.37008 0 7.37008 0 7.37008 0 7.37008 0 7.37008 0 0 0 0 " NUMCO="16" COCOOR="0 0 0 0 7.37008 0 7.37008 0 7.37008 0 7.37008 0 7.37008 7.37008 7.37008 7.37008 7.37008 7.37008 7.37008 7.37008 0 7.37008 0 7.37008 0 7.37008 0 7.37008 0 0 0 0 " NUMGROUP="0" GROUPS="" startArrowIndex="0" endArrowIndex="0" OnMasterPage="Normal Left" ImageClip="" ImageRes="1" Pagenumber="0" isInline="0" fillRule="1" doOverprint="0" gXpos="0" gYpos="0" gWidth="0" gHeight="0" LAYER="1" BOOKMARK="0" NEXTITEM="-1" BACKITEM="-1">
            <trail/>
            <PageItemAttributes/>
        </MASTEROBJECT>
        <MASTEROBJECT OwnPage="0" PTYPE="6" XPOS="122.963464570551" YPOS="34.1744881925197" WIDTH="5.669291339" HEIGHT="25.51181102" RADRECT="0" FRTYPE="0" CLIPEDIT="0" PWIDTH="1" PCOLOR="light_grey" PCOLOR2="light_grey" COLUMNS="1" COLGAP="0" NAMEDLST="" SHADE="100" SHADE2="100" GRTYP="0" ROT="0" PLINEART="1" PLINEEND="0" PLINEJOIN="0" LOCALSCX="1" LOCALSCY="1" LOCALX="0" LOCALY="0" PICART="1" PLTSHOW="0" BASEOF="0" textPathType="0" textPathFlipped="0" FLIPPEDH="0" FLIPPEDV="0" SCALETYPE="1" RATIO="1" PRINTABLE="1" ANNOTATION="0" ANNAME="" TEXTFLOWMODE="0" TEXTFLOW="0" TEXTFLOW2="0" TEXTFLOW3="0" AUTOTEXT="0" EXTRA="0" TEXTRA="0" BEXTRA="0" REXTRA="0" FLOP="0" PFILE="" PFILE2="" PFILE3="" PRFILE="" EPROF="" IRENDER="1" EMBEDDED="1" LOCK="0" LOCKR="0" REVERS="0" TransValue="0" TransValueS="0" TransBlend="0" TransBlendS="0" isTableItem="0" TopLine="0" LeftLine="0" RightLine="0" BottomLine="0" isGroupControl="0" NUMDASH="0" DASHS="" DASHOFF="0" NUMPO="16" POCOOR="0 0 0 0 5.66929 0 5.66929 0 5.66929 0 5.66929 0 5.66929 25.5118 5.66929 25.5118 5.66929 25.5118 5.66929 25.5118 0 25.5118 0 25.5118 0 25.5118 0 25.5118 0 0 0 0 " NUMCO="16" COCOOR="0 0 0 0 5.66929 0 5.66929 0 5.66929 0 5.66929 0 5.66929 25.5118 5.66929 25.5118 5.66929 25.5118 5.66929 25.5118 0 25.5118 0 25.5118 0 25.5118 0 25.5118 0 0 0 0 " NUMGROUP="0" GROUPS="" startArrowIndex="0" endArrowIndex="0" OnMasterPage="Normal Left" ImageClip="" ImageRes="1" Pagenumber="0" isInline="0" fillRule="1" doOverprint="0" gXpos="0" gYpos="0" gWidth="0" gHeight="0" LAYER="1" BOOKMARK="0" NEXTITEM="-1" BACKITEM="-1">
            <trail/>
            <PageItemAttributes/>
        </MASTEROBJECT>
        <MASTEROBJECT OwnPage="0" PTYPE="5" XPOS="114.632755920551" YPOS="425.16501794252" WIDTH="110.9820472" HEIGHT="1" RADRECT="0" FRTYPE="0" CLIPEDIT="0" PWIDTH="1" PCOLOR="None" PCOLOR2="Black" COLUMNS="1" COLGAP="0" NAMEDLST="" SHADE="100" SHADE2="100" GRTYP="0" ROT="0" PLINEART="1" PLINEEND="0" PLINEJOIN="0" LOCALSCX="1" LOCALSCY="1" LOCALX="0" LOCALY="0" PICART="1" PLTSHOW="0" BASEOF="0" textPathType="0" textPathFlipped="0" FLIPPEDH="0" FLIPPEDV="0" SCALETYPE="1" RATIO="1" PRINTABLE="1" ANNOTATION="0" ANNAME="Copy of bottom_line_left" TEXTFLOWMODE="0" TEXTFLOW="0" TEXTFLOW2="0" TEXTFLOW3="0" AUTOTEXT="0" EXTRA="0" TEXTRA="0" BEXTRA="0" REXTRA="0" FLOP="0" PFILE="" PFILE2="" PFILE3="" PRFILE="" EPROF="" IRENDER="1" EMBEDDED="1" LOCK="0" LOCKR="0" REVERS="0" TransValue="0" TransValueS="0" TransBlend="0" TransBlendS="0" isTableItem="0" TopLine="0" LeftLine="0" RightLine="0" BottomLine="0" isGroupControl="0" NUMDASH="0" DASHS="" DASHOFF="0" NUMPO="0" POCOOR="" NUMCO="0" COCOOR="" NUMGROUP="0" GROUPS="" startArrowIndex="0" endArrowIndex="0" OnMasterPage="Normal Left" ImageClip="" ImageRes="1" Pagenumber="0" isInline="0" fillRule="1" doOverprint="0" gXpos="0" gYpos="0" gWidth="0" gHeight="0" LAYER="1" BOOKMARK="0" NEXTITEM="-1" BACKITEM="-1">
            <trail/>
            <PageItemAttributes/>
        </MASTEROBJECT>
        <MASTEROBJECT OwnPage="0" PTYPE="5" XPOS="262.527558990551" YPOS="425.16501794252" WIDTH="110.0607874" HEIGHT="1" RADRECT="0" FRTYPE="0" CLIPEDIT="0" PWIDTH="1" PCOLOR="None" PCOLOR2="Black" COLUMNS="1" COLGAP="0" NAMEDLST="" SHADE="100" SHADE2="100" GRTYP="0" ROT="0" PLINEART="1" PLINEEND="0" PLINEJOIN="0" LOCALSCX="1" LOCALSCY="1" LOCALX="0" LOCALY="0" PICART="1" PLTSHOW="0" BASEOF="0" textPathType="0" textPathFlipped="0" FLIPPEDH="0" FLIPPEDV="0" SCALETYPE="1" RATIO="1" PRINTABLE="1" ANNOTATION="0" ANNAME="Copy of bottom_line_right" TEXTFLOWMODE="0" TEXTFLOW="0" TEXTFLOW2="0" TEXTFLOW3="0" AUTOTEXT="0" EXTRA="0" TEXTRA="0" BEXTRA="0" REXTRA="0" FLOP="0" PFILE="" PFILE2="" PFILE3="" PRFILE="" EPROF="" IRENDER="1" EMBEDDED="1" LOCK="0" LOCKR="0" REVERS="0" TransValue="0" TransValueS="0" TransBlend="0" TransBlendS="0" isTableItem="0" TopLine="0" LeftLine="0" RightLine="0" BottomLine="0" isGroupControl="0" NUMDASH="0" DASHS="" DASHOFF="0" NUMPO="0" POCOOR="" NUMCO="0" COCOOR="" NUMGROUP="0" GROUPS="" startArrowIndex="0" endArrowIndex="0" OnMasterPage="Normal Left" ImageClip="" ImageRes="1" Pagenumber="0" isInline="0" fillRule="1" doOverprint="0" gXpos="0" gYpos="0" gWidth="0" gHeight="0" LAYER="1" BOOKMARK="0" NEXTITEM="-1" BACKITEM="-1">
            <trail/>
            <PageItemAttributes/>
        </MASTEROBJECT>
        <MASTEROBJECT OwnPage="0" PTYPE="5" XPOS="122.782362220551" YPOS="59.7558768825197" WIDTH="246.7540394" HEIGHT="1" RADRECT="0" FRTYPE="0" CLIPEDIT="0" PWIDTH="1" PCOLOR="Black" PCOLOR2="light_grey" COLUMNS="1" COLGAP="0" NAMEDLST="" SHADE="100" SHADE2="100" GRTYP="0" ROT="0.05697742788" PLINEART="1" PLINEEND="0" PLINEJOIN="0" LOCALSCX="1" LOCALSCY="1" LOCALX="0" LOCALY="0" PICART="1" PLTSHOW="0" BASEOF="0" textPathType="0" textPathFlipped="0" FLIPPEDH="0" FLIPPEDV="0" SCALETYPE="1" RATIO="1" PRINTABLE="1" ANNOTATION="0" ANNAME="" TEXTFLOWMODE="0" TEXTFLOW="0" TEXTFLOW2="0" TEXTFLOW3="0" AUTOTEXT="0" EXTRA="0" TEXTRA="0" BEXTRA="0" REXTRA="0" FLOP="0" PFILE="" PFILE2="" PFILE3="" PRFILE="" EPROF="" IRENDER="1" EMBEDDED="1" LOCK="0" LOCKR="0" REVERS="0" TransValue="0" TransValueS="0" TransBlend="0" TransBlendS="0" isTableItem="0" TopLine="0" LeftLine="0" RightLine="0" BottomLine="0" isGroupControl="0" NUMDASH="0" DASHS="" DASHOFF="0" NUMPO="0" POCOOR="" NUMCO="0" COCOOR="" NUMGROUP="0" GROUPS="" startArrowIndex="0" endArrowIndex="0" OnMasterPage="Normal Left" ImageClip="" ImageRes="1" Pagenumber="0" isInline="0" fillRule="1" doOverprint="0" gXpos="0" gYpos="0" gWidth="0" gHeight="0" LAYER="1" BOOKMARK="0" NEXTITEM="-1" BACKITEM="-1">
            <trail/>
            <PageItemAttributes/>
        </MASTEROBJECT>
        <MASTEROBJECT OwnPage="1" PTYPE="5" XPOS="121.48314962126" YPOS="425.326535479528" WIDTH="110.9820472" HEIGHT="1" RADRECT="0" FRTYPE="0" CLIPEDIT="0" PWIDTH="1" PCOLOR="None" PCOLOR2="Black" COLUMNS="1" COLGAP="0" NAMEDLST="" SHADE="100" SHADE2="100" GRTYP="0" ROT="0" PLINEART="1" PLINEEND="0" PLINEJOIN="0" LOCALSCX="1" LOCALSCY="1" LOCALX="0" LOCALY="0" PICART="1" PLTSHOW="0" BASEOF="0" textPathType="0" textPathFlipped="0" FLIPPEDH="0" FLIPPEDV="0" SCALETYPE="1" RATIO="1" PRINTABLE="1" ANNOTATION="0" ANNAME="bottom_line_left" TEXTFLOWMODE="0" TEXTFLOW="0" TEXTFLOW2="0" TEXTFLOW3="0" AUTOTEXT="0" EXTRA="0" TEXTRA="0" BEXTRA="0" REXTRA="0" FLOP="0" PFILE="" PFILE2="" PFILE3="" PRFILE="" EPROF="" IRENDER="1" EMBEDDED="1" LOCK="0" LOCKR="0" REVERS="0" TransValue="0" TransValueS="0" TransBlend="0" TransBlendS="0" isTableItem="0" TopLine="0" LeftLine="0" RightLine="0" BottomLine="0" isGroupControl="0" NUMDASH="0" DASHS="" DASHOFF="0" NUMPO="0" POCOOR="" NUMCO="0" COCOOR="" NUMGROUP="0" GROUPS="" startArrowIndex="0" endArrowIndex="0" OnMasterPage="Normal Right" ImageClip="" ImageRes="1" Pagenumber="0" isInline="0" fillRule="1" doOverprint="0" gXpos="0" gYpos="0" gWidth="0" gHeight="0" LAYER="1" BOOKMARK="0" NEXTITEM="-1" BACKITEM="-1">
            <trail/>
            <PageItemAttributes/>
        </MASTEROBJECT>
        <MASTEROBJECT OwnPage="1" PTYPE="5" XPOS="269.37795272126" YPOS="425.326535479528" WIDTH="110.0607874" HEIGHT="1" RADRECT="0" FRTYPE="0" CLIPEDIT="0" PWIDTH="1" PCOLOR="None" PCOLOR2="Black" COLUMNS="1" COLGAP="0" NAMEDLST="" SHADE="100" SHADE2="100" GRTYP="0" ROT="0" PLINEART="1" PLINEEND="0" PLINEJOIN="0" LOCALSCX="1" LOCALSCY="1" LOCALX="0" LOCALY="0" PICART="1" PLTSHOW="0" BASEOF="0" textPathType="0" textPathFlipped="0" FLIPPEDH="0" FLIPPEDV="0" SCALETYPE="1" RATIO="1" PRINTABLE="1" ANNOTATION="0" ANNAME="bottom_line_right" TEXTFLOWMODE="0" TEXTFLOW="0" TEXTFLOW2="0" TEXTFLOW3="0" AUTOTEXT="0" EXTRA="0" TEXTRA="0" BEXTRA="0" REXTRA="0" FLOP="0" PFILE="" PFILE2="" PFILE3="" PRFILE="" EPROF="" IRENDER="1" EMBEDDED="1" LOCK="0" LOCKR="0" REVERS="0" TransValue="0" TransValueS="0" TransBlend="0" TransBlendS="0" isTableItem="0" TopLine="0" LeftLine="0" RightLine="0" BottomLine="0" isGroupControl="0" NUMDASH="0" DASHS="" DASHOFF="0" NUMPO="0" POCOOR="" NUMCO="0" COCOOR="" NUMGROUP="0" GROUPS="" startArrowIndex="0" endArrowIndex="0" OnMasterPage="Normal Right" ImageClip="" ImageRes="1" Pagenumber="0" isInline="0" fillRule="1" doOverprint="0" gXpos="0" gYpos="0" gWidth="0" gHeight="0" LAYER="1" BOOKMARK="0" NEXTITEM="-1" BACKITEM="-1">
            <trail/>
            <PageItemAttributes/>
        </MASTEROBJECT>
        <MASTEROBJECT OwnPage="1" PTYPE="5" XPOS="134.07663392126" YPOS="59.9697637795276" WIDTH="244.7950524" HEIGHT="1" RADRECT="0" FRTYPE="0" CLIPEDIT="0" PWIDTH="1" PCOLOR="Black" PCOLOR2="light_grey" COLUMNS="1" COLGAP="0" NAMEDLST="" SHADE="100" SHADE2="100" GRTYP="0" ROT="0.1164082335" PLINEART="1" PLINEEND="0" PLINEJOIN="0" LOCALSCX="1" LOCALSCY="1" LOCALX="0" LOCALY="0" PICART="1" PLTSHOW="0" BASEOF="0" textPathType="0" textPathFlipped="0" FLIPPEDH="0" FLIPPEDV="0" SCALETYPE="1" RATIO="1" PRINTABLE="1" ANNOTATION="0" ANNAME="" TEXTFLOWMODE="0" TEXTFLOW="0" TEXTFLOW2="0" TEXTFLOW3="0" AUTOTEXT="0" EXTRA="0" TEXTRA="0" BEXTRA="0" REXTRA="0" FLOP="0" PFILE="" PFILE2="" PFILE3="" PRFILE="" EPROF="" IRENDER="1" EMBEDDED="1" LOCK="0" LOCKR="0" REVERS="0" TransValue="0" TransValueS="0" TransBlend="0" TransBlendS="0" isTableItem="0" TopLine="0" LeftLine="0" RightLine="0" BottomLine="0" isGroupControl="0" NUMDASH="0" DASHS="" DASHOFF="0" NUMPO="0" POCOOR="" NUMCO="0" COCOOR="" NUMGROUP="0" GROUPS="" startArrowIndex="0" endArrowIndex="0" OnMasterPage="Normal Right" ImageClip="" ImageRes="1" Pagenumber="0" isInline="0" fillRule="1" doOverprint="0" gXpos="0" gYpos="0" gWidth="0" gHeight="0" LAYER="1" BOOKMARK="0" NEXTITEM="-1" BACKITEM="-1">
            <trail/>
            <PageItemAttributes/>
        </MASTEROBJECT>
        <MASTEROBJECT OwnPage="1" PTYPE="6" XPOS="372.80598422126" YPOS="33.9499785095276" WIDTH="5.669291339" HEIGHT="25.51181102" RADRECT="0" FRTYPE="0" CLIPEDIT="0" PWIDTH="1" PCOLOR="light_grey" PCOLOR2="light_grey" COLUMNS="1" COLGAP="0" NAMEDLST="" SHADE="100" SHADE2="100" GRTYP="0" ROT="0" PLINEART="1" PLINEEND="0" PLINEJOIN="0" LOCALSCX="1" LOCALSCY="1" LOCALX="0" LOCALY="0" PICART="1" PLTSHOW="0" BASEOF="0" textPathType="0" textPathFlipped="0" FLIPPEDH="0" FLIPPEDV="0" SCALETYPE="1" RATIO="1" PRINTABLE="1" ANNOTATION="0" ANNAME="" TEXTFLOWMODE="0" TEXTFLOW="0" TEXTFLOW2="0" TEXTFLOW3="0" AUTOTEXT="0" EXTRA="0" TEXTRA="0" BEXTRA="0" REXTRA="0" FLOP="0" PFILE="" PFILE2="" PFILE3="" PRFILE="" EPROF="" IRENDER="1" EMBEDDED="1" LOCK="0" LOCKR="0" REVERS="0" TransValue="0" TransValueS="0" TransBlend="0" TransBlendS="0" isTableItem="0" TopLine="0" LeftLine="0" RightLine="0" BottomLine="0" isGroupControl="0" NUMDASH="0" DASHS="" DASHOFF="0" NUMPO="16" POCOOR="0 0 0 0 5.66929 0 5.66929 0 5.66929 0 5.66929 0 5.66929 25.5118 5.66929 25.5118 5.66929 25.5118 5.66929 25.5118 0 25.5118 0 25.5118 0 25.5118 0 25.5118 0 0 0 0 " NUMCO="16" COCOOR="0 0 0 0 5.66929 0 5.66929 0 5.66929 0 5.66929 0 5.66929 25.5118 5.66929 25.5118 5.66929 25.5118 5.66929 25.5118 0 25.5118 0 25.5118 0 25.5118 0 25.5118 0 0 0 0 " NUMGROUP="0" GROUPS="" startArrowIndex="0" endArrowIndex="0" OnMasterPage="Normal Right" ImageClip="" ImageRes="1" Pagenumber="0" isInline="0" fillRule="1" doOverprint="0" gXpos="0" gYpos="0" gWidth="0" gHeight="0" LAYER="1" BOOKMARK="0" NEXTITEM="-1" BACKITEM="-1">
            <trail/>
            <PageItemAttributes/>
        </MASTEROBJECT>
        <MASTEROBJECT OwnPage="1" PTYPE="6" XPOS="133.84448822126" YPOS="48.0327559095276" WIDTH="7.37007874" HEIGHT="7.37007874" RADRECT="0" FRTYPE="0" CLIPEDIT="0" PWIDTH="1" PCOLOR="light_grey" PCOLOR2="None" COLUMNS="1" COLGAP="0" NAMEDLST="" SHADE="100" SHADE2="100" GRTYP="0" ROT="0" PLINEART="1" PLINEEND="0" PLINEJOIN="0" LOCALSCX="1" LOCALSCY="1" LOCALX="0" LOCALY="0" PICART="1" PLTSHOW="0" BASEOF="0" textPathType="0" textPathFlipped="0" FLIPPEDH="0" FLIPPEDV="0" SCALETYPE="1" RATIO="1" PRINTABLE="1" ANNOTATION="0" ANNAME="Copy of little_square (2)" TEXTFLOWMODE="0" TEXTFLOW="0" TEXTFLOW2="0" TEXTFLOW3="0" AUTOTEXT="0" EXTRA="0" TEXTRA="0" BEXTRA="0" REXTRA="0" FLOP="0" PFILE="" PFILE2="" PFILE3="" PRFILE="" EPROF="" IRENDER="1" EMBEDDED="1" LOCK="0" LOCKR="0" REVERS="0" TransValue="0" TransValueS="0" TransBlend="0" TransBlendS="0" isTableItem="0" TopLine="0" LeftLine="0" RightLine="0" BottomLine="0" isGroupControl="0" NUMDASH="0" DASHS="" DASHOFF="0" NUMPO="16" POCOOR="0 0 0 0 7.37008 0 7.37008 0 7.37008 0 7.37008 0 7.37008 7.37008 7.37008 7.37008 7.37008 7.37008 7.37008 7.37008 0 7.37008 0 7.37008 0 7.37008 0 7.37008 0 0 0 0 " NUMCO="16" COCOOR="0 0 0 0 7.37008 0 7.37008 0 7.37008 0 7.37008 0 7.37008 7.37008 7.37008 7.37008 7.37008 7.37008 7.37008 7.37008 0 7.37008 0 7.37008 0 7.37008 0 7.37008 0 0 0 0 " NUMGROUP="0" GROUPS="" startArrowIndex="0" endArrowIndex="0" OnMasterPage="Normal Right" ImageClip="" ImageRes="1" Pagenumber="0" isInline="0" fillRule="1" doOverprint="0" gXpos="0" gYpos="0" gWidth="0" gHeight="0" LAYER="1" BOOKMARK="0" NEXTITEM="-1" BACKITEM="-1">
            <trail/>
            <PageItemAttributes/>
        </MASTEROBJECT>
        <MASTEROBJECT OwnPage="2" PTYPE="5" XPOS="114.63275592126" YPOS="425.16501794252" WIDTH="110.9820472" HEIGHT="1" RADRECT="0" FRTYPE="0" CLIPEDIT="0" PWIDTH="1" PCOLOR="None" PCOLOR2="Black" COLUMNS="1" COLGAP="0" NAMEDLST="" SHADE="100" SHADE2="100" GRTYP="0" ROT="0" PLINEART="1" PLINEEND="0" PLINEJOIN="0" LOCALSCX="1" LOCALSCY="1" LOCALX="0" LOCALY="0" PICART="1" PLTSHOW="0" BASEOF="0" textPathType="0" textPathFlipped="0" FLIPPEDH="0" FLIPPEDV="0" SCALETYPE="1" RATIO="1" PRINTABLE="1" ANNOTATION="0" ANNAME="Copy of bottom_line_left (2)" TEXTFLOWMODE="0" TEXTFLOW="0" TEXTFLOW2="0" TEXTFLOW3="0" AUTOTEXT="0" EXTRA="0" TEXTRA="0" BEXTRA="0" REXTRA="0" FLOP="0" PFILE="" PFILE2="" PFILE3="" PRFILE="" EPROF="" IRENDER="1" EMBEDDED="1" LOCK="0" LOCKR="0" REVERS="0" TransValue="0" TransValueS="0" TransBlend="0" TransBlendS="0" isTableItem="0" TopLine="0" LeftLine="0" RightLine="0" BottomLine="0" isGroupControl="0" NUMDASH="0" DASHS="" DASHOFF="0" NUMPO="0" POCOOR="" NUMCO="0" COCOOR="" NUMGROUP="0" GROUPS="" startArrowIndex="0" endArrowIndex="0" OnMasterPage="text_left" ImageClip="" ImageRes="1" Pagenumber="0" isInline="0" fillRule="1" doOverprint="0" gXpos="0" gYpos="0" gWidth="0" gHeight="0" LAYER="1" BOOKMARK="0" NEXTITEM="-1" BACKITEM="-1">
            <trail/>
            <PageItemAttributes/>
        </MASTEROBJECT>
        <MASTEROBJECT OwnPage="2" PTYPE="5" XPOS="262.52755902126" YPOS="425.16501794252" WIDTH="110.0607874" HEIGHT="1" RADRECT="0" FRTYPE="0" CLIPEDIT="0" PWIDTH="1" PCOLOR="None" PCOLOR2="Black" COLUMNS="1" COLGAP="0" NAMEDLST="" SHADE="100" SHADE2="100" GRTYP="0" ROT="0" PLINEART="1" PLINEEND="0" PLINEJOIN="0" LOCALSCX="1" LOCALSCY="1" LOCALX="0" LOCALY="0" PICART="1" PLTSHOW="0" BASEOF="0" textPathType="0" textPathFlipped="0" FLIPPEDH="0" FLIPPEDV="0" SCALETYPE="1" RATIO="1" PRINTABLE="1" ANNOTATION="0" ANNAME="Copy of bottom_line_right (2)" TEXTFLOWMODE="0" TEXTFLOW="0" TEXTFLOW2="0" TEXTFLOW3="0" AUTOTEXT="0" EXTRA="0" TEXTRA="0" BEXTRA="0" REXTRA="0" FLOP="0" PFILE="" PFILE2="" PFILE3="" PRFILE="" EPROF="" IRENDER="1" EMBEDDED="1" LOCK="0" LOCKR="0" REVERS="0" TransValue="0" TransValueS="0" TransBlend="0" TransBlendS="0" isTableItem="0" TopLine="0" LeftLine="0" RightLine="0" BottomLine="0" isGroupControl="0" NUMDASH="0" DASHS="" DASHOFF="0" NUMPO="0" POCOOR="" NUMCO="0" COCOOR="" NUMGROUP="0" GROUPS="" startArrowIndex="0" endArrowIndex="0" OnMasterPage="text_left" ImageClip="" ImageRes="1" Pagenumber="0" isInline="0" fillRule="1" doOverprint="0" gXpos="0" gYpos="0" gWidth="0" gHeight="0" LAYER="1" BOOKMARK="0" NEXTITEM="-1" BACKITEM="-1">
            <trail/>
            <PageItemAttributes/>
        </MASTEROBJECT>
        <MASTEROBJECT OwnPage="3" PTYPE="5" XPOS="121.48314962126" YPOS="425.32653544252" WIDTH="110.9820472" HEIGHT="1" RADRECT="0" FRTYPE="0" CLIPEDIT="0" PWIDTH="1" PCOLOR="None" PCOLOR2="Black" COLUMNS="1" COLGAP="0" NAMEDLST="" SHADE="100" SHADE2="100" GRTYP="0" ROT="0" PLINEART="1" PLINEEND="0" PLINEJOIN="0" LOCALSCX="1" LOCALSCY="1" LOCALX="0" LOCALY="0" PICART="1" PLTSHOW="0" BASEOF="0" textPathType="0" textPathFlipped="0" FLIPPEDH="0" FLIPPEDV="0" SCALETYPE="1" RATIO="1" PRINTABLE="1" ANNOTATION="0" ANNAME="Copy of bottom_line_left (3)" TEXTFLOWMODE="0" TEXTFLOW="0" TEXTFLOW2="0" TEXTFLOW3="0" AUTOTEXT="0" EXTRA="0" TEXTRA="0" BEXTRA="0" REXTRA="0" FLOP="0" PFILE="" PFILE2="" PFILE3="" PRFILE="" EPROF="" IRENDER="1" EMBEDDED="1" LOCK="0" LOCKR="0" REVERS="0" TransValue="0" TransValueS="0" TransBlend="0" TransBlendS="0" isTableItem="0" TopLine="0" LeftLine="0" RightLine="0" BottomLine="0" isGroupControl="0" NUMDASH="0" DASHS="" DASHOFF="0" NUMPO="0" POCOOR="" NUMCO="0" COCOOR="" NUMGROUP="0" GROUPS="" startArrowIndex="0" endArrowIndex="0" OnMasterPage="text_right" ImageClip="" ImageRes="1" Pagenumber="0" isInline="0" fillRule="1" doOverprint="0" gXpos="0" gYpos="0" gWidth="0" gHeight="0" LAYER="1" BOOKMARK="0" NEXTITEM="-1" BACKITEM="-1">
            <trail/>
            <PageItemAttributes/>
        </MASTEROBJECT>
        <MASTEROBJECT OwnPage="3" PTYPE="5" XPOS="269.37795272126" YPOS="425.32653544252" WIDTH="110.0607874" HEIGHT="1" RADRECT="0" FRTYPE="0" CLIPEDIT="0" PWIDTH="1" PCOLOR="None" PCOLOR2="Black" COLUMNS="1" COLGAP="0" NAMEDLST="" SHADE="100" SHADE2="100" GRTYP="0" ROT="0" PLINEART="1" PLINEEND="0" PLINEJOIN="0" LOCALSCX="1" LOCALSCY="1" LOCALX="0" LOCALY="0" PICART="1" PLTSHOW="0" BASEOF="0" textPathType="0" textPathFlipped="0" FLIPPEDH="0" FLIPPEDV="0" SCALETYPE="1" RATIO="1" PRINTABLE="1" ANNOTATION="0" ANNAME="Copy of bottom_line_right (3)" TEXTFLOWMODE="0" TEXTFLOW="0" TEXTFLOW2="0" TEXTFLOW3="0" AUTOTEXT="0" EXTRA="0" TEXTRA="0" BEXTRA="0" REXTRA="0" FLOP="0" PFILE="" PFILE2="" PFILE3="" PRFILE="" EPROF="" IRENDER="1" EMBEDDED="1" LOCK="0" LOCKR="0" REVERS="0" TransValue="0" TransValueS="0" TransBlend="0" TransBlendS="0" isTableItem="0" TopLine="0" LeftLine="0" RightLine="0" BottomLine="0" isGroupControl="0" NUMDASH="0" DASHS="" DASHOFF="0" NUMPO="0" POCOOR="" NUMCO="0" COCOOR="" NUMGROUP="0" GROUPS="" startArrowIndex="0" endArrowIndex="0" OnMasterPage="text_right" ImageClip="" ImageRes="1" Pagenumber="0" isInline="0" fillRule="1" doOverprint="0" gXpos="0" gYpos="0" gWidth="0" gHeight="0" LAYER="1" BOOKMARK="0" NEXTITEM="-1" BACKITEM="-1">
            <trail/>
            <PageItemAttributes/>
        </MASTEROBJECT>

        {{content}}
        
    </DOCUMENT>
</SCRIBUSUTF8NEW>
